IATA_CD,CARR_NAME,CARGO_IND
X7,Challenge Airlines,N
9B,Accesrail Inc.,N
GZ,Air Rarotonga,N
8T,Air Tindi Ltd,N
J5,Alaska Seaplanes,N
2V,Amtrak,N
EV,"ExpressJet Airlines, Inc.",N
2A,Deutsche Bahn AG,N
9F,Eurostar International,N
HR,Hahn Air,N
2O,Island Air Service,N
QJ,Jet Airways Inc.,N
4X,Mercury World Cargo,N
HI,Papillon Airways,N
P1,PublicCharters.com,N
2E,Smokey Bay Air,N
CR,Prevalidate Test carrier Do not use,N
X4,"Air Excursions, LLC",N
Y6,AB Aviation,N
Q9,Green Africa Airways Limited,N
GD,Aviair,N
SH,Sharp Airlines,N
D3,Daallo Airlines,N
XB,Forward Air,N
1X,Branson AirExpress,N
4T,Rise Air,N
HS,Heli Securite Helicopter Airline,N
L3,"DHL de Guatemala, S.A.",N
5I,Alsa Grupo Slu,N
DG,Cebgo,N
H1,Hahn Air Systems,N
9T,ACT Airlines Inc,N
3X,Premier Trans Aire,N
BU,Compagnie Africaine d'Aviation,N
CB,Trans Caribbean Air,N
NP,Nile Air,N
GC,Global Feeder Services,N
6V,AVANZA,N
QM,Monacair,N
BS,US-Bangla Airlines,N
V6,VI Airlink,N
UK,Vistara,N
4R,Renfe Viajeros,N
FC,Link Airways,N
W1,World Ticket Ltd,N
FP,Flypelican,N
S2,Serve Air S.A.R.L.,N
3G,World Cargo Airlines,N
E6,Bringer Air Cargo Taxi Aereo,N
3A,Chu Kong Passenger Transport Co Ltd.,N
MC,Air Mobility Command,N
ZR,Aviacon Zitotrans Air Company,N
YD,Synergy Aviation,N
RH,Hong Kong Air Cargo Carrier Limited,N
AO,Air Juan,N
K2,Yute Commuter Service,N
A4,AZIMUTH Airlines,N
FO,Flybondi,N
4P,Regional Sky,N
RR,Buzz,N
R0,Tantalus Air,N
VV,Viva Air Peru,N
HC,Air Senegal,N
YH,Sunsplash Aviation LLC,N
TZ,Tsaradia,N
HT,"Tianjin Air Cargo Co., Ltd",N
7C8,Cargolux Italia S.p.A.,Y
QD,JC (Cambodia) International Airlines,N
7T,Trenitalia S.p.A.,N
1L,CitizenPlane,N
ZU,Ethiopian Mozambique Airlines,N
ZB,Air Albania,N
2H,Thalys International,N
8S,TurboJET,N
EX,Regional Express Americas SAS,N
HG,Hibernian Airlines,N
LE,Norwegian Air Sweden AB,N
X1,Hahn Air Technologies,N
WC,Meregrass,N
JA,Jetsmart,N
VG,Vipper BV,N
RK,Ryanair UK Ltd,N
NN,China Travel Tours Transp Services,N
H8,Sky Airlines Peru S.A.C,N
LZ,Air Link,N
LL,China General Aviation LTD,N
S8,Sounds Air,N
A1,A.P.G. Distribution Systems,N
9A,Gran Colombia de Aviacion,N
YB,Harbour Air Seaplanes,N
JK,Aerolinea Del Caribe S.A.,N
I9,China Central Airlines CO. Ltd.,N
YF,Department of National Defence,N
8A,Panama Airways,N
HK,Skippers Aviation,N
ZN,Zambia Airways,N
DU,Sky Jet M.G. Inc,N
3Q,Royal Air Charters,N
L5,RED AIR SRL,N
JN,Alaska Air Transit,N
L8,Lulutai Airlines Limited,N
L4,The Landline Company,N
WM,WINAIR,N
EA,Atlantis-Air Link Ltd.,N
GW,Costa Rica Green Airways,N
S9,flybig,N
TI,Tropic Ocean Airways,N
CO,North-Western Cargo International,N
0C,Cobra Aviation (Pty) Ltd,N
RD,Sky Cana,N
EG,Aer Lingus UK Limited,N
I6,Intermodalidad de Levante S.A.,N
RI,PT Rimbun Abadi Aviasi,N
EQ,Fly Angola,N
MW,Waltzing Matilda Aviation LLC,N
BD,Air Inter Transport Co. Ltd,N
KR,Cambodia Airways Co. Ltd,N
WE,Thai Smile Airways,N
IL,PT Trigana Air,N
VJ,Vietjet,N
ZK,Aircompany ZetAvia,N
GQ,Sky Express S.A.,N
V7,Volotea,N
7I,Air Libya,N
TV,Tibet Airlines,N
AP,Alba Star,N
C4,Conquest Air Inc.,N
PF,Air Sial,N
F0,Fly Jordan,N
H7,HiSky,N
XR,Corendon Airlines Europe,N
XO,SEAIR International,N
SI,Blue Islands,N
XC,Corendon Airlines,N
CE,Chalair,N
CT,Alitalia CityLiner S.p.A.,N
D0,DHL Air,N
ZX,Pivot Airlines,N
TB,TUI fly Belgium,N
4L,Lineas Aereas Suramericanas,N
YC,Yamal Airlines,N
LM,Loganair,N
7PE,Pacific Air Express,Y
NI,Portugalia,N
7P,Air Panama,N
2Z,Passaredo,N
FA,Safair,N
7O,Travel Service Hungary,N
VI,Volga-Dnepr Airlines,N
ZQ,German Airways GmbH & Co.KG,N
WI,White Airways S.A.,N
WU,Western Air,N
DB,Maleth-Aero,N
6N,Niger Airlines,N
P9,Asia Pacific Airlines,N
K8,InterJet West,N
VB,VivaAerobus,N
V4,Vieques Air Link,N
5R,RUTACA,N
Y9,Enerjet,N
AA,American Airlines,N
OZ,Asiana Airlines,N
8U,Afriqiyah Airways,N
G4,Allegiant Air LLC,N
GB,"ABX Air, Inc.",N
G9,Air Arabia,N
AC,Air Canada,N
78V,Astral Aviation,Y
HD,AirDo,N
UX,Air Europa,N
A3,Aegean Airlines,N
7KO,Alaska Central Express Inc,Y
FG,Ariana Afghan Airlines,N
SU,Aeroflot Russian Airlines,N
AF,Air France,N
LD,AHK Air Hong Kong,N
J2,Azerbaijan Airlines,N
AI,Air India,N
3H,Air Inuit,N
5A,Alpine Aviation Inc.,N
FD,Thai AirAsia,N
IZ,Arkia - Israeli Airlines,N
M6,"Amerijet International, Inc.",N
NQ,Air Japan,N
EH,"ANA Wings Co., Ltd",N
UL,SriLankan Airlines,N
KM,Air Malta,N
NX,Air Macau,N
AM,Aeromexico,N
NH,All Nippon Airways,N
PX,Air Niugini,N
TL,Airnorth Regional,N
OY,Andes Lineas Aereas,N
4N,Air North,N
NZ,Air New Zealand,N
W3,Arik Air,N
AR,Aerolineas Argentinas,N
AS,Alaska Airlines,N
4D,Air Sinai,N
YV,Mesa Airlines,N
TC,Air Tanzania,N
OS,Austrian Airlines AG dba Austrian,N
PS,Ukraine International Airlines,N
5N,Smartavia,N
GR,Aurigny Air Services,N
AV,Avianca,N
NF,Air Vanuatu,N
ZW,Air Wisconsin,N
QZ,Indonesia AirAsia,N
7E,Sylt Air,N
IX,Air India Express,N
XU,African Express Airways,N
AK,AirAsia,N
NS,Hebei Airlines,N
AZ,Alitalia - Societa Aerea Italiana S.p.A,N
Z8,Amaszonas,N
UM,Air Zimbabwe,N
BA,British Airways,N
BG,Biman Bangladesh Airlines,N
WX,City Jet,N
7BZ,Blue Dart Aviation Limited,Y
UP,Bahamasair,N
PG,Bangkok Airways,N
JV,Perimeter Aviation LP dba Bearskin A/L,N
CH,Bemidji Airlines,N
BP,Air Botswana,N
BV,Blue Panorama Airlines,N
8E,Bering Air,N
UZ,Buraq Air,N
B2,Belavia,N
BT,Air Baltic Corporation,N
J8,Berjaya Air,N
BW,Caribbean Airlines,N
CI,China Airlines,N
MO,Calm Air Intl Ltd,N
MN,Comair,N
KX,Cayman Airways,N
CA,Air China,N
SC,Shandong Airlines,N
5J,Cebu Pacific Air,N
C2,CEIBA Intercontinental,N
MU,China Eastern Airlines,N
DE,Condor Flugdienst,N
HU,Hainan Airlines,N
NA,Nesma Airlines Company Ltd,N
W8,Cargojet Airways Ltd.,N
CK,China Cargo Airlines,N
RP,BASe Airlines,N
K4,Kalitta Air,N
CL,Lufthansa Cityline Gmbh,N
CV,Cargolux Airlines International,N
CM,COPA Airlines,N
OH,"PSA Airlines, Inc.",N
77C,Coyne Airways,Y
77C,Coyne Airways,Y
CX,Cathay Pacific Airways,N
9Q,Caicos Express Airways,N
9C,Spring Airlines,N
HX,Hong Kong Airlines,N
SS,Corsair,N
YN,Air Creebec (1994) Inc.,N
OK,Czech Airlines,N
3U,Sichuan Airlines,N
FM,Shanghai Airlines,N
ZH,Shenzhen Airlines,N
OU,Croatia Airlines,N
KN,China United Airlines,N
CU,Cubana de Aviacion S.A,N
3C,Air Chathams,N
MF,Xiamen Airlines Company,N
XP,Avelo Airways,N
CF,China Postal Airlines,N
D5,Dhl Aero Expreso S.A.,N
AH,Air Algerie,N
DL,Delta Air Lines,N
SN,Brussels Airlines,N
JD,Beijing Capital Airlines,N
EM,Empire Airlines,N
HO,Juneyao Airlines,N
EN,Air Dolomiti S.p.A L.A.R.E,N
Q2,Maldivian,N
KB,Royal Bhutan Airlines,N
DT,TAAG Angola Airlines,N
DX,DAT,N
WK,Edelweiss Air,N
MQ,Envoy Air Inc,N
EI,Aer Lingus,N
LY,El Al Israel Airlines,N
B8,Eritrean Airlines,N
EY,Etihad Airways,N
ET,Ethiopian Airlines,N
BR,EVA Airways,N
EW,Eurowings,N
LS,Jet2.com,N
B5,East African Safari Air Express,N
T3,Eastern Airways,N
DS,easyjet Switzerland SA,N
U2,easyJet,N
7F,First Air,N
FY,Firefly,N
F9,Frontier Airlines Inc.,N
5H,Five Forty Aviation,N
AY,Finnair,N
FJ,Fiji Airways,N
5M,FlyMontserrat,N
9E,Endeavor Air,N
RC,Atlantic Airways Faroe Islands,N
5O,ASL Airlines France,N
TX,Air Caraibes,N
3M,SILVER AIRWAYS LLC,N
2P,PAL Express,N
GS,TianJin Airlines,N
CN,Grand China Air,N
GF,Gulf Air,N
GA,Garuda Indonesia,N
G7,GoJet Airlines,N
2K,AVIANCA-Ecuador,N
9M,Central Mountain Air Ltd.,N
G8,Go Air,N
GL,Air Greenland,N
5Y,Atlas Air,N
GU,Aviateca,N
GV,"Grant Aviation, Inc.",N
3S,Air Antilles,N
4U,germanwings,N
4G,Gazpromavia,N
H6,Hageland Aviation Services Inc,N
HA,Hawaiian Airlines,N
UO,HK Express,N
X3,TUIfly,N
VN,Vietnam Airlines,N
G5,China Express Airlines,N
V8,Iliamna Air Taxi,N
NT,Binter Canarias,N
IB,Iberia,N
FW,IBEX Airlines,N
FI,Icelandair,N
75C,C.A.L. Cargo Airlines,Y
6E,IndiGo,N
IR,Iran Air,N
B9,Iran Airtour Airlines,N
EP,Iran Aseman Airlines,N
W5,Mahan Air,N
6H,Israir,N
JY,Intercaribbean Airways Ltd,N
IY,Yemenia Yemen Airways,N
JL,Japan Airlines,N
3Z,Smartwings Poland Sp. z o.o.,N
B6,Jetblue Airways Corporation,N
7C,Jeju Airlines,N
T6,AirSWIFT,N
3K,Jetstar Asia,N
JQ,Jetstar Airways,N
NU,Japan Transocean Air,N
QK,Air Canada Jazz,N
J9,Jazeera Airways,N
KU,Kuwait Airways,N
KE,Korean Air,N
9K,Cape Air,N
M5,Kenmore Air,N
RE,Stobart Air,N
WA,KLM Cityhopper,N
KL,KLM-Royal Dutch Airlines,N
RQ,Kam Air,N
8K,K-Mile Air Co,N
JS,Air Koryo,N
KQ,Kenya Airways,N
V3,Carpatair,N
KC,Air Astana,N
LN,Libyan Airlines,N
TM,LAM-Linhas Aereas de Mocambique,N
LA,LATAM Airlines Group,N
QV,Lao Airlines,N
PZ,LATAM Airlines Paraguay,N
BJ,Nouvelair,N
UC,LATAM Cargo Chile,N
QL,LASER Airlines,N
LG,Luxair,N
0B,Blue Air,N
4Z,South African Airlink,N
AX,Trans States Airlines,N
LO,LOT - Polish Airlines,N
LP,LATAM Airlines Peru,N
LR,Avianca Costa Rica S.A.,N
RZ,SANSA Airlines,N
YX,Republic Airways,N
L2,Lynden Air Cargo,N
MH,Malaysia Airlines,N
MK,Air Mauritius,N
YO,Heli Air Monaco,N
AE,Mandarin Airlines,N
MD,Air Madagascar,N
ME,Middle East Airlines,N
OM,MIAT - Mongolian Airlines,N
Q5,40 Mile Air,N
9U,Air Moldova,N
8M,Myanmar Airways International,N
MB,MNG Airlines Cargo,N
JE,Mango,N
SG,SpiceJet,N
5T,Canadian North,N
MP,Martinair Holland,N
M9,Motor Sich PJSC,N
MS,Egyptair,N
NC,"Northern Air Cargo, Inc.",N
DY,Norwegian Air Shuttle,N
KZ,Nippon Cargo Airlines,N
NK,Spirit Airlines,N
DD,Nok Air,N
9R,Satena,N
S0,AeroLineas Sosa,N
HW,North-Wright Airways Ltd.,N
2L,Helvetic Airways,N
BK,Okay Airways,N
PO,Polar Air Cargo,N
PR,Philippine Airlines,N
OL,Samoa Airways,N
8P,Pacific Coastal Airlines Limited,N
P0,Proflight Zambia,N
PC,Pegasus Airlines,N
PK,Pakistan International Airlines,N
BL,Pacific Airlines,N
FV,Rossiya Airlines,N
EB,Wamos Air S.A.,N
J3,Northwestern Air Lease Ltd.,N
PD,Porter Airlines Inc.,N
PW,Precision Air Services Plc,N
QF,Qantas Airways,N
QR,Qatar Airways,N
QX,Horizon Air,N
AT,Royal Air Maroc,N
BI,Royal Brunei Airlines,N
3N,Air Urga,N
UU,Air Austral,N
RJ,Royal Jordanian,N
A5,HOP!,N
RA,Nepal Airlines Corporation,N
9V,Avior Airlines,N
ON,Nauru Airlines,N
RO,Tarom,N
P5,Aero Republica,N
WB,RwandAir,N
7S,Ryan Air,N
FR,Ryanair,N
S4,SATA International-Azores Airlines S.A.,N
SA,South African Airways,N
SK,SAS Scandinavian Airlines,N
SP,SATA Air Acores,N
S7,S7 Airlines,N
BB,Seaborne Airlines,N
PV,Saint Barth Commuter,N
TF,Braathens Regional Aviation,N
SY,Sun Country Airlines,N
HM,Air Seychelles,N
7G,Star Flyer,N
HZ,JSC Aurora Airlines,N
SQ,Singapore Airlines,N
SJ,Sriwijaya Air,N
OO,SkyWest Airlines,N
BC,Skymark Airlines,N
MI,SilkAir,N
PY,Surinam Airways,N
PL,Southern Air Charter,N
IE,Solomon Airlines Limited,N
PJ,Air Saint-Pierre,N
2I,Star Peru,N
D2,Severstal Aircompany,N
8F,STP Airways,N
SD,Sudan Airways,N
EZ,Sun Air Of Scandinavia,N
SV,Saudi Arabian Airlines,N
U6,Ural Airlines,N
WN,Southwest Airlines,N
WG,Sunwing Airlines Inc.,N
LX,SWISS,N
XQ,SunExpress,N
R3,Yakutia,N
RB,Syrian Arab Airlines,N
TA,Taca International Airlines,N
JJ,LATAM Airlines Brasil,N
B4,ZanAir,N
VW,Transportes Aeromar S.A. de C.V.,N
TP,TAP Air Portugal,N
TU,Tunisair,N
3V,ASL Airlines Belgium,N
VR,TACV Cabo Verde Airlines,N
OR,TUI fly Netherlands,N
TR,Scoot,N
A9,Georgian Airways,N
TG,Thai Airways International,N
TN,Air Tahiti Nui,N
TK,Turkish Airlines,N
7J,Tajik Air,N
T7,Twin Jet,N
76R,Aerounion,Y
Z3,Tanana Air Service,N
CG,PNG Air Limited,N
TY,Air Caledonie,N
K3,Taquan Air,N
HV,transavia.com,N
TS,Air Transat A.T.Inc.,N
TH,Raya Airways,N
T5,Turkmenistan Airlines,N
QS,Smartwings,N
EK,Emirates,N
UA,United Airlines,N
C5,CommutAir,N
EU,Chengdu Airlines,N
B7,UNI Airways,N
5X,United Parcel Service Co.,N
UT,UTair Aviation,N
HY,Uzbekistan Airways,N
2J,Air Burkina,N
V0,Conviasa,N
7V4,"Vensecar Internacional, C.A.",Y
0V,Vietnam Air Service Company,N
VS,Virgin Atlantic Airways,N
VY,Vueling Airlines,N
Y4,Volaris,N
DV,Air Company Scat,N
VT,Air Tahiti,N
5V,Everts Air,N
4W,Warbelow's Air Ventures Inc.,N
WF,Wideroe's Flyveselskap,N
WS,WestJet,N
IW,Wings Air,N
8V,Wright Air Service,N
W6,Wizz Air,N
P2,AirKenya Express,N
Y8,Suparna Airlines Co,N
P8,Sprintair,N
5D,Aeromexico Connect,N
NY,Air Iceland Connect,N
LH,Deutsche Lufthansa AG,N
IN,NAM Air,N
A7,Calafia Airlines,N
P4,Air Peace,N
IU,PT. Super Air Jet,N
2F,Two Taxi Aereo Ltda,N
9H,Changan Airlines,N
LT,LongJiang Airlines,N
OQ,Chongqing Airlines,N
GT,Air Guilin Co. Ltd,N
6J,Solaseed,N
8Z,Congo Airways,N
P6,Pascan Aviation Inc.,N
RY,Jiangxi Air,N
IT,Tigerair Taiwan Co. Ltd,N
MX,Breeze Airways,N
FE,Fly 748,N
OG,Fly Play,N
FL,Air Leap,N
XK,Air Corsica,N
5L,Transportes Aereos Costarricenses,N
7B,Bees Airline,N
BX,Air Busan,N
0J,Premium Jet AG,N
6O,Orbest,N
M7,Mas Air,N
N7,Nordic Regional Airlines,N
YT,Yeti Airlines,N
TJ,Tradewind Aviation,N
5S,Global Aviation and Service Group,N
D9,Daallo Airlines(Somalia),N
FS,Flyr,N
HJ,Tasman Cargo Airlines Pty Ltd,N
H4,HiSky Europe SRL,N
4S,Solar Cargo,N
W2,FlexFlight ApS,N
UB,Myanmar National Airlines,N
YK,Avia Traffic Company,N
OX,"One Airways, S.A.U",N
X9,Avion Express,N
KO,Komiaviatrans,N
IM,LLP Air Company Jupiter Jet,N
KH,Aloha Air Cargo,N
JH,Fuji Dream Airlines,N
FN,Fastjet Zimbabwe,N
ND,Nordica,N
QT,Tampa Cargo S.A.S,N
D7,AirAsia X,N
BO,Bluebird Cargo,N
LJ,Jin Air,N
KY,Kunming Airlines,N
3O,Air Arabia Maroc,N
2M,Maya Island Air,N
SZ,Somon Air,N
PP,Jet Aviation Business Jets AG,N
UJ,Al Masria Universal Airlines,N
3T,Tarco Aviation,N
QQ,Alliance Airlines,N
PN,West Air,N
LU,LanExpress,N
FZ,flydubai,N
Y7,NordStar,N
XY,FLYNAS,N
R6,DAT LT,N
VA,Virgin Australia International,N
FX,Fedex,N
PA,Airblue,N
YQ,TAR Aerolineas,N
6L,CargoLogic Germany GmbH,N
8H,BH Air Ltd,N
E5,Air Arabia Egypt,N
O3,SF Airlines,N
M0,Aero Mongolia,N
7ZP,Silk Way Airlines,Y
L6,Mauritanian Airlines International,N
7R,Joint Stock Aviation Company RusLine,N
U8,TUS Airways,N
G2,Gullivair,N
XE,JSX,N
L7,LATAM Cargo Colombia,N
8L,Lucky Air Co. Ltd.,N
J4,Badr Airlines,N
F8,Flair Airlines,N
J6,Seawings,N
2Q,Air Cargo Carriers,N
F2,SafariLink,N
H2,Sky Airline,N
CJ,BA Cityflyer,N
CZ,China Southern Airlines,N
6D,Smartwings Slovakia s.r.o,N
PE,People's,N
I8,Izhavia,N
IK,Air Kiribati,N
AW,Africa World Airlines Limited,N
8Q,Onur Air Tasimacilik A.S.,N
TE,SkyTaxi,N
K7,Air KBZ,N
NE,Nesma Airlines,N
Q3,Anguilla Air Services,N
2G,Angara Airlines,N
QB,Faraz Qeshm Airline,N
ES,Estelar Latinoamerica C.A.,N
MM,Peach Aviation Limited,N
IO,IrAero,N
3J,Jubba Airways Ltd,N
VP,Flyme,N
AD,Azul Airlines,N
JT,Lion Air,N
V9,Citywing,N
RG,Rotanajet Aviation,N
TW,T'way Air,N
4M,LATAM Airlines Argentina,N
5K,Hi Fly Transportes Aereos,N
TO,Transavia.com France,N
XL,LATAM Airlines Ecuador,N
4C,LATAM Airlines Colombia,N
WT,Swiftair,N
LF,Contour Airlines,N
X5,Air Europa Express,N
NO,Neos Air,N
FB,Bulgaria Air,N
E7,Equaflight,N
MY,MASWings,N
QA,Queen Bilqis Airways,N
ED,Air Explore,N
C7,Cinnamon Air,N
6I,Air Alsie,N
UI,Auric Air,N
PT,Piedmont Airlines Inc.,N
B3,Bhutan Airlines,N
IA,Iraqi Airways,N
O2,Linear Air,N
E9,Iberojet Airlines,N
YU,Euroatlantic Airways,N
ZF,AZUR air,N
5Z,Cemair,N
UG,TunisAir Express,N
7.00E+07,Estafeta Carga Aerea,Y
F4,Air Flamenco,N
N9,Shree Airlines,N
X8,AirMax Cargo S.A,N
OA,Olympic Air,N
3E,"Multi-Aero, Inc. d/b/a Air Choice One",N
PB,PAL Airlines,N
RU,AirBridgeCargo,N
4E,Stabo Air,N
9I,Alliance Air,N
GJ,Zhejiang Loong Airlines Co. Ltd,N
OI,Hinterland Aviation,N
9D,Genghis Khan Airlines,N
MT,Malta MedAir,N
7L,Silk Way West Airlines,N
77T,Trans Am Aero Exp. del Ecuador Cia.Ltda,Y
7U,"Commercial Aviation Services, LLC",N
7W,Wind Rose Aviation,N
8N,Regional Air Services,N
9J,Dana Air,N
9N,Tropic Air,N
A8,Aerolink Uganda Ltd,N
AG,Aruba Airlines,N
DZ,Donghai Airlines,N
HF,Air Cote d'Ivoire,N
I4,Scott Air LLC,N
JR,Joy Air,N
KP,ASKY Airlines,N
MR,Hunnu Air,N
OB,Boliviana de Aviacion - BoA,N
PM,Canaryfly,N
QG,Citilink,N
QW,"Qingdao Airline Co, Ltd",N
QY,European Air Transport Leipzig GmbH,N
IQ,Qazaq Air,N
S6,Sunrise Airways,N
SL,Thai Lion Air,N
SM,Air Cairo,N
UW,Uni-top Airlines,N
VQ,NovoAir,N
Y5,Golden Myanmar Airlines,N
YE,Yanair,N
YW,Air Nostrum,N
ZA,Sky Angkor Airlines,N
ZD,EWA Air,N
ZM,Air Manas,N
73S,Aerologic GmbH,Y
KJ,Air Incheon,N
B0,La Compagnie,N
PI,Polar Airlines Ltd,N
6Y,SMARTLYNX AIRLINES Ltd,N
N8,National Airlines,N
OC,"Oriental Air Bridge Co., Ltd. (ORC)",N
WY,Oman Air,N
7V,Federal Airlines (Pty) Ltd,N
Z2,Philippines AirAsia Inc.,N
K6,Cambodia Angkor Air,N
G3,GOL Linhas Aereas S.A.,N
C3,Trade Air Ltd,N
FH,Freebird Airlines,N
U3,Sky Gates Airlines,N
UQ,Urumqi Airlines,N
7K3,SAC (K) Limited,Y
HP,Amapola Flyg AB,N
SF,Tassili Airlines,N
JC,Japan Air Commuter,N
74W,Allied Air Cargo,Y
E8,Tayaran Jet,N
FU,"Fuzhou Airlines Co., Ltd",N
5B,Bassaka Air,N
VH,Viva Air Colombia,N
RV,Air Canada Rouge,N
AJ,Aztec Airways,N
VC,ViaAir,N
GK,Jetstar Japan,N
OD,Malindo Airways,N
GP,APG Airlines,N
DK,Sunclass Airlines,N
2D,"Eastern Airlines, LLC",N
ST,Air Thanlwin,N
3R,Divi Divi Air,N
GG,Skylease,N
CS,Comlux Aruba NV,N
WR,Westjet Encore,N
V5,Aerovias DAP S.A.,N
D8,Norwegian,N
NR,Manta Air,N
8B,TransNusa,N
AL,Malta Air,N
VZ,Thai Vietjet Air,N
UE,BizAir op by Ultimate JetCharters LLC,N
YL,Libyan Wings,N
W9,Wizz Air UK,N
FK,KF Cargo,N
6Q,Cham Wings Airlines,N
8J,Ecojet,N
3W,Malawian Airlines,N
4B,Boutique Air,N
6R,ALROSA Air Company,N
7H,Corvus Airlines,N
7Y,Mann Yadanarpon Airlines,N
DP,Pobeda,N
DR,Ruili Airlines,N
EL,Ellinair S.A.,N
GM,Chair Airlines,N
GX,Guangxi Beibu Gulf Airlines,N
ID,Batik Air,N
IJ,Spring Airlines Japan,N
U4,Buddha Air,N
ZL,Regional Express,N
5U,TAG Airlines (T A Guatemaltecos),N
PQ,SKYUP AIRLINES,N
AQ,9 Air,N
CQ,Coastal Aviation,N
NL,Amelia International,N
I5,AirAsia India,N
JU,Air Serbia,N
M8,"Magnum.Air, Inc dba Skyjet",N
QC,Camair-Co,N
QU,Azur Air Ukraine,N
XJ,Thai Air Asia X,N
I2,Iberia Express,N
DO,Sky High Aviation Services,N
7Q,Elite Airways,N
2Y,"MY Indo Airlines, PT",N
N5,Nolinor Aviation,N
WZ,Red Wings Airlines,N
RF,Aero k Airlines,N
M4,Poste Air Cargo,N
LK,Lao Skyway Comm Air Trans & charter,N
FT,FlyEgypt,N
ZP,Paranair,N
J7,AFRIJET,N
H9,Himalaya Airlines,N
GY,Colorful Guizhou Airlines,N
PU,Plus Ultra Lineas Aereas S. A.,N
2B,Albawings,N
8Y,Astro Air Int dba Pan Pacific Airlines,N
2C,SNCF,N
EO,Pegas Fly,N
9L,AirTanker Services Limited,N
BZ,Blue Bird Airways,N
E2,Eurowings Europe,N
VE,Easyfly S. A.,N
N6,TCA Airlines,N
5F,Fly One,N
MZ,Amakusa Airlines,N
RS,"Air Seoul, Inc",N
9X,Southern Airways Express,N
YG,YTO Cargo Airlines Co. Ltd,N
OW,Skyward Express,N
QN,Skytrans Airlines,N
G0,Albatros Airlines,N
II,IBC Airways,N
T2,MCS Aerocarga de Mexico,N
6W,FlyBosnia,N
BM,Bakhtar Afghan Airline,N
QE,Express Freighters Australia,N
7N,MetroJets,N
8R,Regourd Aviation (dba AMELIA),N
WP,Air Antwerp,N
YR,Scenic Airlines,N
R2,Transair Senegal,N
UY,Sky Pearl,N
BF,French Bee,N
2U,Sun d'Or International Airlines,N
SO,Syphax Airlines,N
8D,FITS Aviation (Pvt) Ltd,N
8W,Fly Always N.V.,N
N3,Vuela El Salvador,N
DH,Norwegian Air Norway AS,N
AB,KAP.KG Aircompany LLC,N
EE,Regional Jet,N
A6,Air Travel Co. Ltd,N
DI,Norwegian Air UK ltd,N
KW,LLC Air Company AeroStan,N
F5,Aerotranscargo,N
OV,SalamAir,N
GO,ULS Airlines Cargo,N
IF,Fly Baghdad Airlines,N
K9,"Kalitta Charters, L.L.C.",N
KG,Key Lime Air dba Denver Air Connection,N
O7,Omni-Blu,N
N4,Nord Wind,N
S5,Abakan Air LLC,N
ZG,ZIPAIR Tokyo Inc.,N
P3,Cargologicair,N
RL,Royal Flight Airlines,N
T4,Rhoades Aviation Inc.,N
U7,Uniworld Air Cargo Corp.,N
UV,"Universal Airways, Inc.",N
V2,Avialeasing Aviation Co,N
VM,Max Air,N
Y2,Air Century,N
XM,Zimex Aviation,N
7A,Express Air Cargo,N
OF,Overland Airways,N
RM,Aircompany Armenia,N
GI,"Guangdong Longhao Airlines Co., Ltd",N
ER,Serene Air,N
CY,Cyprus Airways,N
MV,Air Mediterranean,N
EF,Aerolinea Del Caribe - Peru S.A.C.,N
3L,Air Arabia Abu Dhabi,N
4J,JetAir Caribbean,N
3B,Transportes Interilhas de Cabo Verde,N
Q6,Volaris Costa Rica,N
AN,"Advanced Air, LLC",N
T9,Turpial Airlines,N
N2,Aero Contractors Company of Nigeria,N
OJ,NyxAir OU,N
LQ,Lanmei Airlines,N
JO,Jonika Airlines,N
WL,World Atlantic Airlines,N
M3,LATAM Cargo Brasil,N
F3,flyadeal,N
BH,Bismillah Airlines,N
GE,Global Aviation Operations,N
SR,SundAir,N
LB,Bul Air Ltd.,N
7M,MAP Linhas Aereas,N
WO,Swoop,N
WV,Westair Aviation,N
US,Puerto Rico International Airlines,N
WD,Modern Transtport Aereo de Caarga SA,N
DN,Norwegian Air Argentina,N
C8,Cronosair,N
MJ,"Myway Airlines Co.,LTD",N
NG,NOVAIR Limited Liability Company,N
Q4,"Euroairlines, S.L.",N
KF,Air Belgium,N
MG,EZNIS AIRWAYS LLC,N
EC,easyJet Europe Airline,N
7ZF,Safari Express Cargo,Y
IH,Southern Sky Airlines JSC,N
UF,Petroleum Air Services,N
QH,Bamboo Airways,N
VU,Vietravel Airlines,N
4F,Freedom Airline Express,N
JM,Jambojet,N
4A,ATSA Airlines,N
6A,Armenia Airways Aircompany CJSC,N
R9,Trans Executive Airlines of Hawaii,N
Q8,Trans Air Congo,N
1I,"NetJets Aviation, Inc.",N
E4,Enter Air Spolka z.o.o.,N
IS,Sepehran Airlines,N
XF,Mongolian Airways Cargo,N
DQ,Alexandria Airlines,N
VO,Voyage Air,N
PH,Pionair Australia Pty Ltd,N
T8,CA Terra Avia SRL,N
DW,Great Dane Airlines,N
2T,Turbo Megha Airways,N
L9,Lumiwings,N
UD,UR Airlines,N
F6,Fly2Sky,N
7Z,EZAir,N
QI,Ibom Air,N
SX,flyGTA Airlines,N
BE,Flybe,N
4H,Hi Air,N
UR,Uganda Airlines,N
ZO,Colorful Yunnan General Aviation,N
F7,LTD I Fly,N
7N7,My Jet Xpress,Y
E3,Ego Airways S.p.A,N
WJ,Jetsmart Airlines S.A.,N
LC,Skyway CR,N
OT,Tchadia Airlines,N
5Q,Holiday Europe,N
JX,STARLUX Airlines,N
6G,Go2Sky,N
0A,Asta Linhas Aereas Ltda,N
RW,Royal Air Charter Services Inc,N
D4,Airline GEO SKY LLC,N
4V,Fly Gangwon,N
A2,Anima Wings Aviation,N
6M,Maximus Airlines,N
KD,Western Global Airlines LLC,N
VF,Fly Armenia Airways,N
IG,Air Italy S.p.A.,N
ML,Sky Mali,N
R8,Puer General Aviation,N
YJ,Asian Express Aviation,N
LW,Lauda Europe,N
IV,GP Aviation Ltd,N
SB,Air Caledonie International,N
5W,Wizz Air Abu Dhabi,N
6T,Longtail Aviation International,N
NB,Berniq Airways,N
D6,Servicios Aereos GECA S.A.,N
RT,UVT aero,N
OP,PassionAir,N
9S,Southern Air Inc.,N
CC,CM Airlines,N
2W,"World 2 Fly, S.L",N
8I,ITA,N
R5,Jordan Aviation,N
M2,MHS Aviation,N
4Y,EW Discover GmbH,N
LI,ETF Airways d.o.o,N
GH,Galistair Trading Ltd,N
BN,Luxwing Ltd,N
HN,UAB Heston Airlines JSC Heston Airl,N
WW,M Jets International,N
YP,Air Premia Inc.,N
HH,LLC Qanot Sha,N
BIC,"Alphaland Aviation, Inc",N
TMW,Trans Maldivian,N
KAB,Air Pohang,N
LLC,Small Planet Airlines,N
RIH,Rahila Air,N
TAK,Transfrican Air Ltd.,N
FGG,flyglobal charter Sdn. Bhd.,N
ALC,American Linehaul Corporation,N
BMR,BMI Regional,N
BSK,Miami Air,N
CNK,Sunwest Aviation,N
TUY,Linea Turistica Aerotuy,N
FAT,Farnair Switzerland AG,N
IOS,Isles of Scilly Skybus,N
LTR,Lufttransport A/S,N
LYD,Lydd Air,N
NIS,La Costena,N
OPN,Air Open Sky,N
PTI,Privatair,N
QNZ,Jetconnect,N
RGN,Cygnus Air,N
RHL,Air Archipels,N
RNX,1time,N
RSE,SNAS Aviation,N
SOP,Solinair,N
SSQ,Sunstate Airlines,N
SXG,"Sterling Transportation, Inc.",N
TAH,Air Moorea,N
TOM,TUI Airways,N
TRD,Trans Island Air,N
TTL,Total Linhas Aereas,N
VAS,Atran,N
WEW,Express Air,N
WIG,Wiggins Airways,N
GBJ,Wisdom Airways,N
AGV,Air Glaciers,N
AAF,Aigle Azur,N
ABV,Antrak Air,N
AIJ,Interjet,N
AUT,Austral,N
BHP,Belair Airlines,N
BLF,Blue1,N
CHQ,"Chautauqua Airlines, Inc.",N
CIM,Cimber A/S,N
CJC,Colgan Air,N
EGU,Eagle Air,N
EXY,South African Express Airways,N
FDM,"Freedom Airlines, Inc",N
FEA,Far Eastern Air Transport,N
FTA,Frontier Flying Service,N
GLA,Great Lakes Airlines,N
HDA,Cathay Dragon,N
INC,Insel Air,N
ISV,Islena Airlines,N
JAB,Air Bagan,N
JAI,Jet Airways (India) Ltd,N
JBA,Helijet International Inc,N
KBA,Kenn Borek Air,N
LAL,Air Labrador,N
LGW,Luftfahrt Gesellschaft Walter,N
LIA,LIAT (1974),N
LID,Alidaunia,N
LYN,Air Kyrgyzstan,N
MGX,Montenegro Airlines,N
MNA,Merpati Nusantara Airlines,N
CWM,Air Marshall Islands,N
NMB,Air Namibia,N
NRR,NatureAir,N
OCA,Aserca Airlines,N
OEA,Orient Thai Airlines,N
ONE,Avianca Brasil,N
OZW,Skywest Airlines,N
NLA,PenAir,N
RSI,Air Sunshine,N
SAI,Shaheen Air International,N
SFW,Safi Airways,N
JLL,JetKonnect,N
SNB,Sterling,N
SOV,Saratov Airlines,N
FQA,Quikjet Cargo Airlines,N
TAE,TAME Linea Aerea del Ecuador,N
TCF,Shuttle America,N
TNA,Transasia Airways,N
TPU,Avianca Peru S.A.,N
TRS,AirTran Airways,N
UKM,Ukrainian-Mediterranean Airlines,N
VRD,Virgin America,N
WSG,Wasaya Airways LP,N
FXX,Felix Airways,N
JTG,JetTime,N
OLY,Olympus Airways,N
FNA,Norlandair,N
GHN,Air Ghana,N
IIA,Inter Iles Air,N
AJA,Afghan Jet International,N
AKN,Alkan Air,N
BOS,LEVEL operated by OpenSkies (LV),N
HGB,Greater Bay Airlines,N
ERF,Erofey Limited Liability Company,N
KRU,Karun Airlines,N
GMT,Magnicharters,N
LLX,Small Planet Airlines GmbH,N
AFD,Unity Air (Ghana),N
QLK,QANTASLINK,N
FYN,PT. Flyindo Aviasi Nusantara,N
ABT,Air Taxi Benin,N
DKN,Air Deccan,N
HOG,Mahogany Air,N
FVJ,ValueJet,N
LBQ,Quest Air,N
GJT,GetJet Airlines,N
ALV,Aeropostal Alas de Venezuela S.A.,N
MDO,Mediterranean Aviation Company Ltd,N
AYS,Madagasikara Airways,N
PSW,Pskovavia Airlines Company,N
DTO,AERODESIERTO SA,N
VRH,Varesh Airlines,N
NWC,Aircompany North-West LTD,N
QJE,Cobham Aviation Services Australia,N
NWA,Niger Airways SA,N
ZOM,Zoom Air,N
WAN,Wataniya Airways,N
RSB,Rubystar Airways,N
AMB,Deutsche Rettungsflugwacht,N
CRN,Aerocaribbean,N
MYI,"Mayair, S.A. de C.V.",N
NYS,Ulendo Airlink,N
OLS,SOL S.A Lineas Aereas,N
BFL,Buffalo Airways,N
ATM,Airlines of Tasmania,N
LUR,Atlantis European Airways,N
ROM,"Encompass Aviation, LLC",N
NOV,Nova Airways,N
RFJ,Royal Falcon,N
TBN,Taban Air,N
WOW,WOW Air,N
ESJ,Eastern SkyJets,N
DCT,Directflight,N
AUZ,Amaszonas Uruguay,N
GMI,Germania,N
WSF,Westair Benin,N
TBZ,ATA Airlines,N
OTT,OTT Airlines,N
EAK,Euro-Asia Air,N
HBR,Hebridean Air Services,N
IZG,Zagros Airlines,N
AMV,AMC Airlines,N
PRO,Propair,N
TWC,Canadian Airways Congo,N
BRP,Aerobratsk,N
AZI,Astra Airlines,N
KND,Kan Air,N
NAL,Northway Aviation Ltd,N
CND,Corendon DUTCH Airlines,N
PEA,Pan Europeenne Air Service,N
PNP,Pineapple Air,N
EHN,East Horizon Airlines,N
VUR,VIP S.A.,N
AWM,Asian Wings Airways,N
VIT,PT Aviastar Mandiri,N
CPN,Caspian Airlines,N
BEK,Bek Air,N
AWN,Air Niamey,N
OAE,Omni Air International,N
FRN,First Nation Airways,N
RER,Aeroregional,N
AMY,Air Mandalay Ltd,N
RLT,REAL Tonga,N
APP,Aeroperlas,N
CCO,China Air Cargo,N
PVG,Privilege,N
VGO,NewGen Airways,N
RVP,Sevenair (Portugal),N
TWI,Tailwind Hava Yollari A.S,N
PFY,Pel-Air,N
SGB,"Songbird Airways, Inc.",N
OTJ,TEN AIRWAYS,N
CPZ,"Compass Airlines, Inc.",N
FJM,Fly Jamaica,N
SBM,SkyBahamas,N
SLT,Starlight Airlines,N
XLF,XL Airways France,N
FZW,flyafrica - Zimbabwe,N
UJX,AtlasGlobal UA,N
NLU,Insel Air Aruba,N
MEG,Mega Global Air Services (Maldives),N
PVN,Peruvian Airlines,N
RGE,Regent Airways,N
SXD,SunExpress Deutschland GmbH,N
ESR,Eastar Jet,N
AWC,Titan Airways,N
AAQ,Asia Atlantic Airlines,N
KKK,AtlasGlobal,N
KIS,Kish Air,N
SQM,Siam Air Transport Company Limited,N
MRJ,Meraj Air,N
NEA,New England Airlines Inc,N
PPL,Air Pegasus Pvt. Ltd.,N
IDX,Indonesia Airasia X,N
JAA,Jet Asia Airways,N
HHK,Sky Shuttle,N
FMI,FMI Air,N
NCT,NokScoot Airlines Co Ltd,N
THU,Thunder Airlines,N
KDC,KD Air Corporation,N
NWG,Airwing,N
NTH,Hokkaido Air System,N
HTK,"Ningxia Cargo Airlines CO., LTD.",N
GUM,Gum Air,N
SSJ,Krasavia,N
LLP,Small Planet Airlines,N
ALD,Air Leisure,N
SNR,Sunair Aviation,N
PWD,PAWA Dominicana,N
SGQ,Saudi Gulf Airlines,N
ORG,SUE Orenburg Region Intl Airport,N
PAG,Perimeter Aviation Ltd,N
BLX,TUIfly Nordic AB,N
LCB,LC Peru,N
LEP,Air Costa,N
EPR,Express Airways,N
JON,JOON,N
CTB,Thomas Cook Airlines Balearics,N
FLZ,Flightlink Air Charters,N
FDK,Flydamas,N
MEM,ICAR - International Cargo Airline,N
SLD,Silver Air,N
MFG,Fly Mid Africa,N
TCX,Thomas Cook Airlines,N
XLL,Air Excel,N
BYK,SkyBus Airlines,N
VNE,RAVSA Venezolana,N
CAT,Copenhagen Air Taxi,N
SOR,SonAir,N
TEZ,Tez Jet Airlines,N
CPT,Corporate Air,N
FHM,Freebird Airlines Europe LTD,N
WLB,Wings of Lebanon,N
EMU,East Asia Airlines,N
KEA,Korea Express Airlines,N
KTB,Transaviabaltika,N
KAI,KaiserAir,N
BGN,Air Inter Transport Co. Ltd,N
CCC,Air Cargo Global,N
DAV,Dornier Aviation Nigeria,N
DWI,Dominican Wings S.A.,N
XBO,"Baseops International, Inc.",N
CUO,Aerocuahonte SA de CV,N
IFA,FAI rent-a-jet Aktiengesellschaft,N
DNM,Denim Air,N
FEI,Eagle Air Iceland,N
BTZ,Bristow U.S. LLC,N
EAN,Skypower Express Airways,N
PHA,"Phoenix Air Group, Inc",N
SUV,Sundance Air Venezuela,N
RCT,Skyview Airways Co dba Skyview,N
FLB,Fly Art,N
NVR,Nova Airlines,N
KRN,Karinou Airlines,N
CNO,SAS Norway,N
SWQ,Swift Air L.L.C.,N
ARC,Air Routing International L.P.,N
JCT,"Jet Charter, Inc",N
KZH,Zhezair,N
RMK,Simrik Airlines,N
MSX,EgyptAir Cargo,N
JUB,Jubba Airways,N
RLY,Air Loyaute,N
RRV,Mombassa Air Safari,N
SBK,Blue Sky Aviation,N
WAJ,AirAsia Japan,N
BGT,Bergen Air Transport,N
RYW,Royal Wings,N
ERN,Ernest Airline,N
IAX,Island Express Air Inc,N
DCP,Air Direct Connect Ltd,N
ANC,Avianca Argentina,N
HTY,Helity,N
LSJ,Air Liaison,N
UGS,SKA Air and Logistics (U),N
WLM,VLM Airlines D.D.,N
AZM,Azman Air Services,N
SLR,Silverstone Air Services,N
GWR,Aura Airlines,N
SKV,Sky Regional,N
FLJ,Surf Air Europe,N
MSB,Air Stork Srl,N
BOB,Powdair,N
TRH,Turuhan Airlines,N
ARN,Aeronexus Corporate (pty) LTD,N
AUN,FlyServus,N
LKH,Small Planet Airlines,N
SSV,ANDA AIR LIMITED,N
DAI,Dena Airways,N
LDM,LAUDAMOTION GMBH,N
AMS,ASTA - South America Air Taxi,N
QCL,Air Class Lineas Aereas,N
IRV,SAFFAT AIR,N
AXY,Air X Charter Ltd,N
JWX,Jetways Airlines Limited,N
UKL,Ukraine Air Alliance,N
BGA,Airbus Transport International,N
MTL,RAF-AVIA,N
VLM,VLM Airlines,N
PNX,AIS Airlines,N
SDG,Star Air,N
PTK,Petropavlovsk-Kamchatsky Air,N
VGV,Vologda Air Enterprise,N
DYN,"Aerodynamics, Inc",N
NQN,Grupo LASA S.R.L.,N
CNT,Connect Linhas Aereas,N
ONS,ONE Airlines,N
PWY,Yourways,N
SGU,Sol del Paraguay,N
TUB,True Aviation Limited,N
WOL,Wings Aviation Limited,N
VCY,OCL Barbados,N
TXZ,THAI EXPRESS,N
KGK,SKY KG Airlines,N
CIG,Air company Sirius-Aero Ltd.,N
SUI,Schweizer Luftwaffe,N
NAE,National Airways,N
GAA,Global Africa Aviation,N
ACH,Africa's Connection STP,N
HAI,Hai Au Aviation,N
OTF,Orange 2 Fly,N
CAD,PT Cardig Air,N
CAD,PT Cardig Air,N
MHO,Mokulele Airlines,N
CST,Shoreline Aviation,N
RLI,Reliant Air Charter,N
TGY,Trans Guyana Airways,N
LNH,Lanhsa Airlines,N
ESS,Thai Eastar Jet,N
KMW,Kostroma Air Enterprise,N
SKZ,Skyway Enterprises Inc.,N
SRR,Star Air A/S,N
SEK,Star East Airline S.R.L.,N
XAR,Xpress Air,N
JTU,Zhetysu,N
CON,ConocoPhillips Aviation Alaska,N
AJI,"Ameristar Air Cargo, Inc",N
BAY,Bravo Airways,N
KAM,Sunkar Air LLP,N
RTU,Aerotucan,N
MTN,Mountain Air Cargo,N
SQS,Susi air,N
MKB,Mack Air,N
WLD,Wilderness Air,N
SDO,Air Santo Domingo,N
MRR,San Juan Airlines,N
SVD,SVG Air,N
AML,Air Cargo Malawi,N
AEU,Atlantis Armenian Airlines,N
AMN,Air Montenegro,N
CIL,CIAF LEASING,N
PGN,Tailwind Air,N
